{"ProjectWatches":"{\"Value\":[]}","OpenedDocuments":"[\"WriteTo.txt\",\"readMultiplePDF.xaml\",\"singleScanPDFRegx.xaml\",\"ReadMultipleScannedPDFusingRegx.xaml\"]","ProjectBreakpoints":"{\"Value\":{}}","ProjectActivitiesViewState":"{\"ReadMultipleScannedPDFusingRegx.xaml\":[{\"ActivityIdRef\":\"AddDataRow_1\",\"IsAdvancedOptionsExpanded\":false,\"Widgets\":{}},{\"ActivityIdRef\":\"AddDataRow_2\",\"IsAdvancedOptionsExpanded\":false,\"Widgets\":{}},{\"ActivityIdRef\":\"AddDataRow_3\",\"IsAdvancedOptionsExpanded\":false,\"Widgets\":{}}],\"PDFToExcel.xaml\":[{\"ActivityIdRef\":\"AddDataRow_1\",\"IsAdvancedOptionsExpanded\":false,\"Widgets\":{}},{\"ActivityIdRef\":\"ExcelSetRangeColor_2\",\"IsAdvancedOptionsExpanded\":false,\"Widgets\":{}}],\"ReadScanPDF.xaml\":[{\"ActivityIdRef\":\"WriteLine_1\",\"IsAdvancedOptionsExpanded\":false,\"Widgets\":{}}],\"regext_to_get_data.xaml\":[{\"ActivityIdRef\":\"WriteLine_3\",\"IsAdvancedOptionsExpanded\":false,\"Widgets\":{}}],\"singleScanPDFRegx.xaml\":[{\"ActivityIdRef\":\"WriteLine_1\",\"IsAdvancedOptionsExpanded\":false,\"Widgets\":{}}],\"billPDFDemo.xaml\":[{\"ActivityIdRef\":\"WriteLine_1\",\"IsAdvancedOptionsExpanded\":false,\"Widgets\":{}},{\"ActivityIdRef\":\"WriteLine_2\",\"IsAdvancedOptionsExpanded\":false,\"Widgets\":{}},{\"ActivityIdRef\":\"WriteLine_3\",\"IsAdvancedOptionsExpanded\":false,\"Widgets\":{}}]}"}